numbers,terms
0.43333333333333335,neg
0.0,neg
0.25,pos
0.25,neg
-0.30000000000000004,neg
0.2333333333333333,pos
-0.3333333333333333,neg
0.5,neg
0.4333333333333333,pos
-0.25,neg
0.4,neg
0.6,pos
0.35000000000000003,pos
0.55,pos
-0.5,neg
0.6,pos
0.06666666666666667,neg
-0.25,neg
0.5416666666666667,pos
0.4333333333333333,pos
0.5,pos
0.36818181818181817,neg
0.7,neg
-0.30000000000000004,neg
